model_id	dex	name
0701	676	Furfrou
0702	708	Phantump
0703	709	Trevenant
0704	667	Litleo
0705	668	Pyroar
0706	664	Scatterbug
0707	665	Spewpa
0708	666	Vivillon
0709	690	Skrelp
0710	691	Dragalge
0711	659	Bunnelby
0712	660	Diggersby
0713	669	Flabebe
0714	670	Floette
0715	671	Florges
0716	714	Noibat
0717	653	Fennekin
0718	654	Braixen
0719	655	Delphox
0720	650	Chespin
0721	651	Quilladin
0722	652	Chesnaught
0723	656	Froakie
0724	657	Frogadier
0725	658	Greninja
0726	686	Inkay
0727	687	Malamar
0728	672	Skiddo
0729	673	Gogoat
0730	675	Pangoro
0731	694	Helioptile
0732	695	Heliolisk
0733	677	Espurr
0734	678	Meowstic
0735	710	Pumpkaboo
0736	711	Gourgeist
0737	696	Tyrunt
0738	697	Tyrantrum
0739	698	Amaura
0740	699	Aurorus
0741	702	Dedenne
0742	684	Swirlix
0743	685	Slurpuff
0744	679	Honedge
0745	680	Doublade
0746	681	Aegislash
0747	688	Binacle
0748	689	Barbaracle
0749	712	Bergmite
0751	713	Avalugg
0752	674	Pancham
0753	661	Fletchling
0754	662	Fletchinder
0755	663	Talonflame
0756	692	Clauncher
0757	693	Clawitzer
0758	682	Spritzee
0759	683	Aromatisse
0760	707	Klefki
0761	701	Hawlucha
0762	715	Noivern
0763	704	Goomy
0764	705	Sliggoo
0765	706	Goodra
0766	703	Carbink
0767	700	Sylveon
0768	716	Xerneas
0769	717	Yveltal
0770	718	Zygarde
0772	719	Diancie
0773	721	Volcanion
0774	720	Hoopa
0801	747	Mareanie
0802	748	Toxapex
0803	755	Morelull
0804	756	Shiinotic
0805	757	Salandit
0806	758	Salazzle
0807	731	Pikipek
0808	732	Trumbeak
0809	733	Toucannon
0810	765	Oranguru
0811	775	Komala
0812	761	Bounsweet
0813	762	Steenee
0814	763	Tsareena
0815	766	Passimian
0816	782	Jangmo-o
0817	783	Hakamo-o
0818	784	Kommo-o
0819	778	Mimikyu
0820	746	Wishiwashi
0821	771	Pyukumuku
0822	769	Sandygast
0823	770	Palossand
0824	774	Minior
0825	741	Oricorio
0826	734	Yungoos
0827	735	Gumshoos
0828	744	Rockruff
0829	745	Lycanroc
0830	785	Tapu Koko
0831	786	Tapu Lele
0832	787	Tapu Bulu
0833	788	Tapu Fini
0834	742	Cutiefly
0835	743	Ribombee
0836	736	Grubbin
0837	737	Charjabug
0838	738	Vikavolt
0839	749	Mudbray
0840	750	Mudsdale
0841	722	Rowlet
0842	723	Dartrix
0843	724	Decidueye
0844	725	Litten
0845	726	Torracat
0846	727	Incineroar
0847	728	Popplio
0848	729	Brionne
0849	730	Primarina
0850	751	Dewpider
0851	752	Araquanid
0852	759	Stufful
0853	760	Bewear
0854	776	Turtonator
0855	779	Bruxish
0856	780	Drampa
0857	781	Dhelmise
0858	777	Togedemaru
0859	739	Crabrawler
0860	740	Crabominable
0861	772	Type: Null
0862	773	Silvally
0863	764	Comfey
0865	800	Necrozma
0866	767	Wimpod
0867	768	Golisopod
0868	753	Fomantis
0869	754	Lurantis
0871	789	Cosmog
0872	790	Cosmoem
0873	791	Solgaleo
0874	792	Lunala
0875	793	Nihilego
0876	799	Guzzlord
0877	794	Buzzwole
0878	796	Xurkitree
0879	795	Pheromosa
0880	798	Kartana
0881	797	Celesteela
0882	801	Magearna
0883	802	Marshadow
0884	805	Stakataka
0885	806	Blacephalon
0886	803	Poipole
0887	804	Naganadel
0888	807	Zeraora
0891	808	Meltan
0892	809	Melmetal
0901	827	Nickit
0902	828	Thievul
0903	833	Chewtle
0904	834	Drednaw
0905	829	Gossifleur
0906	830	Eldegoss
0907	835	Yamper
0908	836	Boltund
0909	819	Skwovet
0910	820	Greedent
0911	831	Wooloo
0912	832	Dubwool
0913	846	Arrokuda
0914	847	Barraskewda
0915	850	Sizzlipede
0916	851	Centiskorch
0917	845	Cramorant
0918	821	Rookidee
0919	822	Corvisquire
0920	823	Corviknight
0921	848	Toxel
0922	849	Toxtricity
0923	870	Falinks
0924	868	Milcery
0925	869	Alcremie
0926	878	Cufant
0927	879	Copperajah
0928	862	Obstagoon
0929	884	Duraludon
0930	824	Blipbug
0931	825	Dottler
0932	826	Orbeetle
0933	837	Rolycoly
0934	838	Carkol
0935	839	Coalossal
0936	843	Silicobra
0937	844	Sandaconda
0938	888	Zacian
0939	889	Zamazenta
0940	890	Eternatus
0941	877	Morpeko
0942	876	Indeedee
0943	863	Perrserker
0944	871	Pincurchin
0945	872	Snom
0946	873	Frosmoth
0947	864	Cursola
0948	810	Grookey
0949	811	Thwackey
0950	812	Rillaboom
0951	816	Sobble
0952	817	Drizzile
0953	818	Inteleon
0954	813	Scorbunny
0955	814	Raboot
0956	815	Cinderace
0957	859	Impidimp
0958	860	Morgrem
0959	861	Grimmsnarl
0960	880	Dracozolt
0961	881	Arctozolt
0962	882	Dracovish
0963	883	Arctovish
0964	852	Clobbopus
0965	853	Grapploct
0966	840	Applin
0967	841	Flapple
0968	842	Appletun
0969	856	Hatenna
0970	857	Hattrem
0971	858	Hatterene
0972	854	Sinistea
0973	855	Polteageist
0974	874	Stonjourner
0975	875	Eiscue
0976	885	Dreepy
0977	886	Drakloak
0978	887	Dragapult
0979	867	Runerigus
0980	866	Mr. Rime
0981	865	Sirfetchd
0982	891	Kubfu
0983	892	Urshifu
0984	896	Glastrier
0985	897	Spectrier
0986	898	Calyrex
0988	893	Zarude
0989	894	Regieleki
0990	895	Regidrago
